replicate,virus,dilution,uL_virus,RLU_per_well,date,cells,amphoB,antibody
rep1,BA1_T716G,0.3125,31.25,637112,20220729,293T_ACE2,with_amphoB,CC67.105
rep1,BA1_T716G,0.15625,15.625,277617,20220729,293T_ACE2,with_amphoB,CC67.105
rep1,BA1_T716G,0.078125,7.8125,137722,20220729,293T_ACE2,with_amphoB,CC67.105
rep1,BA1_T716G,0.0390625,3.90625,66559,20220729,293T_ACE2,with_amphoB,CC67.105
rep1,BA1_T716G,0.01953125,1.953125,28873,20220729,293T_ACE2,with_amphoB,CC67.105
rep1,BA1_T716G,0.009765625,0.9765625,20175,20220729,293T_ACE2,with_amphoB,CC67.105
rep1,BA1_T716G,0.004882813,0.48828125,7867,20220729,293T_ACE2,with_amphoB,CC67.105
rep1,BA1_T716G,0.002441406,0.244140625,3548,20220729,293T_ACE2,with_amphoB,CC67.105
rep2,BA1_T716G,0.3125,31.25,680429,20220729,293T_ACE2,with_amphoB,CC67.105
rep2,BA1_T716G,0.15625,15.625,248780,20220729,293T_ACE2,with_amphoB,CC67.105
rep2,BA1_T716G,0.078125,7.8125,122857,20220729,293T_ACE2,with_amphoB,CC67.105
rep2,BA1_T716G,0.0390625,3.90625,50912,20220729,293T_ACE2,with_amphoB,CC67.105
rep2,BA1_T716G,0.01953125,1.953125,35783,20220729,293T_ACE2,with_amphoB,CC67.105
rep2,BA1_T716G,0.009765625,0.9765625,18815,20220729,293T_ACE2,with_amphoB,CC67.105
rep2,BA1_T716G,0.004882813,0.48828125,7273,20220729,293T_ACE2,with_amphoB,CC67.105
rep2,BA1_T716G,0.002441406,0.244140625,4151,20220729,293T_ACE2,with_amphoB,CC67.105
rep1,BA1_A846N,0.3125,31.25,2227268,20220729,293T_ACE2,with_amphoB,CC67.105
rep1,BA1_A846N,0.15625,15.625,906486,20220729,293T_ACE2,with_amphoB,CC67.105
rep1,BA1_A846N,0.078125,7.8125,409249,20220729,293T_ACE2,with_amphoB,CC67.105
rep1,BA1_A846N,0.0390625,3.90625,184814,20220729,293T_ACE2,with_amphoB,CC67.105
rep1,BA1_A846N,0.01953125,1.953125,94059,20220729,293T_ACE2,with_amphoB,CC67.105
rep1,BA1_A846N,0.009765625,0.9765625,46477,20220729,293T_ACE2,with_amphoB,CC67.105
rep1,BA1_A846N,0.004882813,0.48828125,25766,20220729,293T_ACE2,with_amphoB,CC67.105
rep1,BA1_A846N,0.002441406,0.244140625,15448,20220729,293T_ACE2,with_amphoB,CC67.105
rep2,BA1_A846N,0.3125,31.25,2253684,20220729,293T_ACE2,with_amphoB,CC67.105
rep2,BA1_A846N,0.15625,15.625,831912,20220729,293T_ACE2,with_amphoB,CC67.105
rep2,BA1_A846N,0.078125,7.8125,345388,20220729,293T_ACE2,with_amphoB,CC67.105
rep2,BA1_A846N,0.0390625,3.90625,187146,20220729,293T_ACE2,with_amphoB,CC67.105
rep2,BA1_A846N,0.01953125,1.953125,100280,20220729,293T_ACE2,with_amphoB,CC67.105
rep2,BA1_A846N,0.009765625,0.9765625,50393,20220729,293T_ACE2,with_amphoB,CC67.105
rep2,BA1_A846N,0.004882813,0.48828125,23027,20220729,293T_ACE2,with_amphoB,CC67.105
rep2,BA1_A846N,0.002441406,0.244140625,11646,20220729,293T_ACE2,with_amphoB,CC67.105
rep1,BA1_D1146N,0.078125,7.8125,8963472,20220729,293T_ACE2,with_amphoB,CC67.105
rep1,BA1_D1146N,0.0390625,3.90625,5011594,20220729,293T_ACE2,with_amphoB,CC67.105
rep1,BA1_D1146N,0.01953125,1.953125,2204777,20220729,293T_ACE2,with_amphoB,CC67.105
rep1,BA1_D1146N,0.009765625,0.9765625,1231068,20220729,293T_ACE2,with_amphoB,CC67.105
rep1,BA1_D1146N,0.004882813,0.48828125,707030,20220729,293T_ACE2,with_amphoB,CC67.105
rep1,BA1_D1146N,0.002441406,0.244140625,419578,20220729,293T_ACE2,with_amphoB,CC67.105
rep2,BA1_D1146N,0.078125,7.8125,8601099,20220729,293T_ACE2,with_amphoB,CC67.105
rep2,BA1_D1146N,0.0390625,3.90625,4613414,20220729,293T_ACE2,with_amphoB,CC67.105
rep2,BA1_D1146N,0.01953125,1.953125,2353697,20220729,293T_ACE2,with_amphoB,CC67.105
rep2,BA1_D1146N,0.009765625,0.9765625,1171200,20220729,293T_ACE2,with_amphoB,CC67.105
rep2,BA1_D1146N,0.004882813,0.48828125,636115,20220729,293T_ACE2,with_amphoB,CC67.105
rep2,BA1_D1146N,0.002441406,0.244140625,414416,20220729,293T_ACE2,with_amphoB,CC67.105
rep1,BA1_D1153Y,0.0390625,3.90625,5865404,20220729,293T_ACE2,with_amphoB,CC67.105
rep1,BA1_D1153Y,0.01953125,1.953125,2713940,20220729,293T_ACE2,with_amphoB,CC67.105
rep1,BA1_D1153Y,0.009765625,0.9765625,1392063,20220729,293T_ACE2,with_amphoB,CC67.105
rep1,BA1_D1153Y,0.004882813,0.48828125,792784,20220729,293T_ACE2,with_amphoB,CC67.105
rep1,BA1_D1153Y,0.002441406,0.244140625,449023,20220729,293T_ACE2,with_amphoB,CC67.105
rep2,BA1_D1153Y,0.078125,7.8125,9990958,20220729,293T_ACE2,with_amphoB,CC67.105
rep2,BA1_D1153Y,0.0390625,3.90625,5387514,20220729,293T_ACE2,with_amphoB,CC67.105
rep2,BA1_D1153Y,0.01953125,1.953125,2742671,20220729,293T_ACE2,with_amphoB,CC67.105
rep2,BA1_D1153Y,0.009765625,0.9765625,1363452,20220729,293T_ACE2,with_amphoB,CC67.105
rep2,BA1_D1153Y,0.004882813,0.48828125,685875,20220729,293T_ACE2,with_amphoB,CC67.105
rep2,BA1_D1153Y,0.002441406,0.244140625,386928,20220729,293T_ACE2,with_amphoB,CC67.105
rep1,BA1_F1156L,0.0390625,3.90625,5928583,20220729,293T_ACE2,with_amphoB,CC67.105
rep1,BA1_F1156L,0.01953125,1.953125,2763535,20220729,293T_ACE2,with_amphoB,CC67.105
rep1,BA1_F1156L,0.009765625,0.9765625,1474803,20220729,293T_ACE2,with_amphoB,CC67.105
rep1,BA1_F1156L,0.004882813,0.48828125,861659,20220729,293T_ACE2,with_amphoB,CC67.105
rep1,BA1_F1156L,0.002441406,0.244140625,455018,20220729,293T_ACE2,with_amphoB,CC67.105
rep2,BA1_F1156L,0.0390625,3.90625,5695571,20220729,293T_ACE2,with_amphoB,CC67.105
rep2,BA1_F1156L,0.01953125,1.953125,3059184,20220729,293T_ACE2,with_amphoB,CC67.105
rep2,BA1_F1156L,0.009765625,0.9765625,1426171,20220729,293T_ACE2,with_amphoB,CC67.105
rep2,BA1_F1156L,0.004882813,0.48828125,797816,20220729,293T_ACE2,with_amphoB,CC67.105
rep2,BA1_F1156L,0.002441406,0.244140625,454848,20220729,293T_ACE2,with_amphoB,CC67.105
rep1,BA1_D1163R,0.078125,7.8125,9258176,20220729,293T_ACE2,with_amphoB,CC67.105
rep1,BA1_D1163R,0.0390625,3.90625,3847466,20220729,293T_ACE2,with_amphoB,CC67.105
rep1,BA1_D1163R,0.01953125,1.953125,2388106,20220729,293T_ACE2,with_amphoB,CC67.105
rep1,BA1_D1163R,0.009765625,0.9765625,1342299,20220729,293T_ACE2,with_amphoB,CC67.105
rep1,BA1_D1163R,0.004882813,0.48828125,627179,20220729,293T_ACE2,with_amphoB,CC67.105
rep1,BA1_D1163R,0.002441406,0.244140625,388813,20220729,293T_ACE2,with_amphoB,CC67.105
rep2,BA1_D1163R,0.078125,7.8125,9415572,20220729,293T_ACE2,with_amphoB,CC67.105
rep2,BA1_D1163R,0.0390625,3.90625,4796541,20220729,293T_ACE2,with_amphoB,CC67.105
rep2,BA1_D1163R,0.01953125,1.953125,2506177,20220729,293T_ACE2,with_amphoB,CC67.105
rep2,BA1_D1163R,0.009765625,0.9765625,1293771,20220729,293T_ACE2,with_amphoB,CC67.105
rep2,BA1_D1163R,0.004882813,0.48828125,712452,20220729,293T_ACE2,with_amphoB,CC67.105
rep2,BA1_D1163R,0.002441406,0.244140625,332523,20220729,293T_ACE2,with_amphoB,CC67.105
rep1,BA1_D1041N,0.3125,31.25,1517171,20220729,293T_ACE2,with_amphoB,CC67.105
rep1,BA1_D1041N,0.15625,15.625,810959,20220729,293T_ACE2,with_amphoB,CC67.105
rep1,BA1_D1041N,0.078125,7.8125,400289,20220729,293T_ACE2,with_amphoB,CC67.105
rep1,BA1_D1041N,0.0390625,3.90625,182486,20220729,293T_ACE2,with_amphoB,CC67.105
rep1,BA1_D1041N,0.01953125,1.953125,64502,20220729,293T_ACE2,with_amphoB,CC67.105
rep1,BA1_D1041N,0.009765625,0.9765625,39124,20220729,293T_ACE2,with_amphoB,CC67.105
rep1,BA1_D1041N,0.004882813,0.48828125,34661,20220729,293T_ACE2,with_amphoB,CC67.105
rep1,BA1_D1041N,0.002441406,0.244140625,9129,20220729,293T_ACE2,with_amphoB,CC67.105
rep2,BA1_D1041N,0.3125,31.25,1458791,20220729,293T_ACE2,with_amphoB,CC67.105
rep2,BA1_D1041N,0.15625,15.625,606803,20220729,293T_ACE2,with_amphoB,CC67.105
rep2,BA1_D1041N,0.078125,7.8125,367525,20220729,293T_ACE2,with_amphoB,CC67.105
rep2,BA1_D1041N,0.0390625,3.90625,179814,20220729,293T_ACE2,with_amphoB,CC67.105
rep2,BA1_D1041N,0.01953125,1.953125,91958,20220729,293T_ACE2,with_amphoB,CC67.105
rep2,BA1_D1041N,0.009765625,0.9765625,37710,20220729,293T_ACE2,with_amphoB,CC67.105
rep2,BA1_D1041N,0.004882813,0.48828125,27300,20220729,293T_ACE2,with_amphoB,CC67.105
rep2,BA1_D1041N,0.002441406,0.244140625,10493,20220729,293T_ACE2,with_amphoB,CC67.105
rep1,BA1_WT,0.078125,7.8125,8536815,20220729,293T_ACE2,with_amphoB,CC67.105
rep1,BA1_WT,0.0390625,3.90625,4459673,20220729,293T_ACE2,with_amphoB,CC67.105
rep1,BA1_WT,0.01953125,1.953125,2586288,20220729,293T_ACE2,with_amphoB,CC67.105
rep1,BA1_WT,0.009765625,0.9765625,1398433,20220729,293T_ACE2,with_amphoB,CC67.105
rep1,BA1_WT,0.004882813,0.48828125,713619,20220729,293T_ACE2,with_amphoB,CC67.105
rep1,BA1_WT,0.002441406,0.244140625,397017,20220729,293T_ACE2,with_amphoB,CC67.105
rep2,BA1_WT,0.078125,7.8125,8921230,20220729,293T_ACE2,with_amphoB,CC67.105
rep2,BA1_WT,0.0390625,3.90625,5206367,20220729,293T_ACE2,with_amphoB,CC67.105
rep2,BA1_WT,0.01953125,1.953125,2785437,20220729,293T_ACE2,with_amphoB,CC67.105
rep2,BA1_WT,0.009765625,0.9765625,1438630,20220729,293T_ACE2,with_amphoB,CC67.105
rep2,BA1_WT,0.004882813,0.48828125,810024,20220729,293T_ACE2,with_amphoB,CC67.105
rep2,BA1_WT,0.002441406,0.244140625,488825,20220729,293T_ACE2,with_amphoB,CC67.105
rep1,BA1_WT,0.3125,31.25,5326983,20220808,293T_ACE2_medium,with_amphoB,NTD5-7
rep1,BA1_WT,0.15625,15.625,3140770,20220808,293T_ACE2_medium,with_amphoB,NTD5-7
rep1,BA1_WT,0.078125,7.8125,1391681,20220808,293T_ACE2_medium,with_amphoB,NTD5-7
rep1,BA1_WT,0.0390625,3.90625,667628,20220808,293T_ACE2_medium,with_amphoB,NTD5-7
rep1,BA1_WT,0.01953125,1.953125,341463,20220808,293T_ACE2_medium,with_amphoB,NTD5-7
rep1,BA1_WT,0.009765625,0.9765625,190533,20220808,293T_ACE2_medium,with_amphoB,NTD5-7
rep1,BA1_WT,0.004882813,0.48828125,110288,20220808,293T_ACE2_medium,with_amphoB,NTD5-7
rep1,BA1_WT,0.002441406,0.244140625,44153,20220808,293T_ACE2_medium,with_amphoB,NTD5-7
rep2,BA1_WT,0.3125,31.25,5512661,20220808,293T_ACE2_medium,with_amphoB,NTD5-7
rep2,BA1_WT,0.15625,15.625,2956384,20220808,293T_ACE2_medium,with_amphoB,NTD5-7
rep2,BA1_WT,0.078125,7.8125,1502472,20220808,293T_ACE2_medium,with_amphoB,NTD5-7
rep2,BA1_WT,0.0390625,3.90625,683140,20220808,293T_ACE2_medium,with_amphoB,NTD5-7
rep2,BA1_WT,0.01953125,1.953125,330893,20220808,293T_ACE2_medium,with_amphoB,NTD5-7
rep2,BA1_WT,0.009765625,0.9765625,189286,20220808,293T_ACE2_medium,with_amphoB,NTD5-7
rep2,BA1_WT,0.004882813,0.48828125,99132,20220808,293T_ACE2_medium,with_amphoB,NTD5-7
rep2,BA1_WT,0.002441406,0.244140625,50819,20220808,293T_ACE2_medium,with_amphoB,NTD5-7
rep1,BA1_G103F,0.3125,31.25,1491949,20220808,293T_ACE2_medium,with_amphoB,NTD5-7
rep1,BA1_G103F,0.15625,15.625,845963,20220808,293T_ACE2_medium,with_amphoB,NTD5-7
rep1,BA1_G103F,0.078125,7.8125,377894,20220808,293T_ACE2_medium,with_amphoB,NTD5-7
rep1,BA1_G103F,0.0390625,3.90625,183028,20220808,293T_ACE2_medium,with_amphoB,NTD5-7
rep1,BA1_G103F,0.01953125,1.953125,120034,20220808,293T_ACE2_medium,with_amphoB,NTD5-7
rep1,BA1_G103F,0.009765625,0.9765625,51613,20220808,293T_ACE2_medium,with_amphoB,NTD5-7
rep1,BA1_G103F,0.004882813,0.48828125,20448,20220808,293T_ACE2_medium,with_amphoB,NTD5-7
rep1,BA1_G103F,0.002441406,0.244140625,12668,20220808,293T_ACE2_medium,with_amphoB,NTD5-7
rep2,BA1_G103F,0.3125,31.25,1639102,20220808,293T_ACE2_medium,with_amphoB,NTD5-7
rep2,BA1_G103F,0.15625,15.625,701648,20220808,293T_ACE2_medium,with_amphoB,NTD5-7
rep2,BA1_G103F,0.078125,7.8125,298985,20220808,293T_ACE2_medium,with_amphoB,NTD5-7
rep2,BA1_G103F,0.0390625,3.90625,146110,20220808,293T_ACE2_medium,with_amphoB,NTD5-7
rep2,BA1_G103F,0.01953125,1.953125,86106,20220808,293T_ACE2_medium,with_amphoB,NTD5-7
rep2,BA1_G103F,0.009765625,0.9765625,30985,20220808,293T_ACE2_medium,with_amphoB,NTD5-7
rep2,BA1_G103F,0.004882813,0.48828125,22853,20220808,293T_ACE2_medium,with_amphoB,NTD5-7
rep2,BA1_G103F,0.002441406,0.244140625,8951,20220808,293T_ACE2_medium,with_amphoB,NTD5-7
rep1,BA1_L176K,0.3125,31.25,7059462,20220808,293T_ACE2_medium,with_amphoB,NTD5-7
rep1,BA1_L176K,0.15625,15.625,3504136,20220808,293T_ACE2_medium,with_amphoB,NTD5-7
rep1,BA1_L176K,0.078125,7.8125,1548975,20220808,293T_ACE2_medium,with_amphoB,NTD5-7
rep1,BA1_L176K,0.0390625,3.90625,824601,20220808,293T_ACE2_medium,with_amphoB,NTD5-7
rep1,BA1_L176K,0.01953125,1.953125,530249,20220808,293T_ACE2_medium,with_amphoB,NTD5-7
rep1,BA1_L176K,0.009765625,0.9765625,162636,20220808,293T_ACE2_medium,with_amphoB,NTD5-7
rep1,BA1_L176K,0.004882813,0.48828125,99874,20220808,293T_ACE2_medium,with_amphoB,NTD5-7
rep1,BA1_L176K,0.002441406,0.244140625,69065,20220808,293T_ACE2_medium,with_amphoB,NTD5-7
rep2,BA1_L176K,0.3125,31.25,7100127,20220808,293T_ACE2_medium,with_amphoB,NTD5-7
rep2,BA1_L176K,0.15625,15.625,4243813,20220808,293T_ACE2_medium,with_amphoB,NTD5-7
rep2,BA1_L176K,0.078125,7.8125,1597180,20220808,293T_ACE2_medium,with_amphoB,NTD5-7
rep2,BA1_L176K,0.0390625,3.90625,861132,20220808,293T_ACE2_medium,with_amphoB,NTD5-7
rep2,BA1_L176K,0.01953125,1.953125,416575,20220808,293T_ACE2_medium,with_amphoB,NTD5-7
rep2,BA1_L176K,0.009765625,0.9765625,249288,20220808,293T_ACE2_medium,with_amphoB,NTD5-7
rep2,BA1_L176K,0.004882813,0.48828125,113132,20220808,293T_ACE2_medium,with_amphoB,NTD5-7
rep2,BA1_L176K,0.002441406,0.244140625,48216,20220808,293T_ACE2_medium,with_amphoB,NTD5-7
rep1,BA1_S172N,0.3125,31.25,1765449,20220808,293T_ACE2_medium,with_amphoB,NTD5-7
rep1,BA1_S172N,0.15625,15.625,1268057,20220808,293T_ACE2_medium,with_amphoB,NTD5-7
rep1,BA1_S172N,0.078125,7.8125,470100,20220808,293T_ACE2_medium,with_amphoB,NTD5-7
rep1,BA1_S172N,0.0390625,3.90625,285066,20220808,293T_ACE2_medium,with_amphoB,NTD5-7
rep1,BA1_S172N,0.01953125,1.953125,111860,20220808,293T_ACE2_medium,with_amphoB,NTD5-7
rep1,BA1_S172N,0.009765625,0.9765625,84215,20220808,293T_ACE2_medium,with_amphoB,NTD5-7
rep1,BA1_S172N,0.004882813,0.48828125,31615,20220808,293T_ACE2_medium,with_amphoB,NTD5-7
rep1,BA1_S172N,0.002441406,0.244140625,18155,20220808,293T_ACE2_medium,with_amphoB,NTD5-7
rep2,BA1_S172N,0.3125,31.25,2218712,20220808,293T_ACE2_medium,with_amphoB,NTD5-7
rep2,BA1_S172N,0.15625,15.625,1312854,20220808,293T_ACE2_medium,with_amphoB,NTD5-7
rep2,BA1_S172N,0.078125,7.8125,581043,20220808,293T_ACE2_medium,with_amphoB,NTD5-7
rep2,BA1_S172N,0.0390625,3.90625,235248,20220808,293T_ACE2_medium,with_amphoB,NTD5-7
rep2,BA1_S172N,0.01953125,1.953125,112333,20220808,293T_ACE2_medium,with_amphoB,NTD5-7
rep2,BA1_S172N,0.009765625,0.9765625,56955,20220808,293T_ACE2_medium,with_amphoB,NTD5-7
rep2,BA1_S172N,0.004882813,0.48828125,30197,20220808,293T_ACE2_medium,with_amphoB,NTD5-7
rep2,BA1_S172N,0.002441406,0.244140625,18489,20220808,293T_ACE2_medium,with_amphoB,NTD5-7
rep1,BA1_WT,0.125,12.5,7292152,20220809,293T_ACE2_medium,with_amphoB,LyCoV-1404
rep1,BA1_WT,0.0625,6.25,3618076,20220809,293T_ACE2_medium,with_amphoB,LyCoV-1404
rep1,BA1_WT,0.03125,3.125,2034117,20220809,293T_ACE2_medium,with_amphoB,LyCoV-1404
rep1,BA1_WT,0.015625,1.5625,920138,20220809,293T_ACE2_medium,with_amphoB,LyCoV-1404
rep1,BA1_WT,0.0078125,0.78125,480343,20220809,293T_ACE2_medium,with_amphoB,LyCoV-1404
rep1,BA1_WT,0.00390625,0.390625,341363,20220809,293T_ACE2_medium,with_amphoB,LyCoV-1404
rep2,BA1_WT,0.125,12.5,6373420,20220809,293T_ACE2_medium,with_amphoB,LyCoV-1404
rep2,BA1_WT,0.0625,6.25,3600127,20220809,293T_ACE2_medium,with_amphoB,LyCoV-1404
rep2,BA1_WT,0.03125,3.125,1807604,20220809,293T_ACE2_medium,with_amphoB,LyCoV-1404
rep2,BA1_WT,0.015625,1.5625,812076,20220809,293T_ACE2_medium,with_amphoB,LyCoV-1404
rep2,BA1_WT,0.0078125,0.78125,487551,20220809,293T_ACE2_medium,with_amphoB,LyCoV-1404
rep2,BA1_WT,0.00390625,0.390625,297666,20220809,293T_ACE2_medium,with_amphoB,LyCoV-1404
rep1,BA1_G447D,0.125,12.5,6119594,20220809,293T_ACE2_medium,with_amphoB,LyCoV-1404
rep1,BA1_G447D,0.0625,6.25,2659472,20220809,293T_ACE2_medium,with_amphoB,LyCoV-1404
rep1,BA1_G447D,0.03125,3.125,1385074,20220809,293T_ACE2_medium,with_amphoB,LyCoV-1404
rep1,BA1_G447D,0.015625,1.5625,707701,20220809,293T_ACE2_medium,with_amphoB,LyCoV-1404
rep1,BA1_G447D,0.0078125,0.78125,407785,20220809,293T_ACE2_medium,with_amphoB,LyCoV-1404
rep1,BA1_G447D,0.00390625,0.390625,246933,20220809,293T_ACE2_medium,with_amphoB,LyCoV-1404
rep2,BA1_G447D,0.125,12.5,5814017,20220809,293T_ACE2_medium,with_amphoB,LyCoV-1404
rep2,BA1_G447D,0.0625,6.25,2730911,20220809,293T_ACE2_medium,with_amphoB,LyCoV-1404
rep2,BA1_G447D,0.03125,3.125,1249939,20220809,293T_ACE2_medium,with_amphoB,LyCoV-1404
rep2,BA1_G447D,0.015625,1.5625,719295,20220809,293T_ACE2_medium,with_amphoB,LyCoV-1404
rep2,BA1_G447D,0.0078125,0.78125,394747,20220809,293T_ACE2_medium,with_amphoB,LyCoV-1404
rep2,BA1_G447D,0.00390625,0.390625,237559,20220809,293T_ACE2_medium,with_amphoB,LyCoV-1404
rep1,BA1_K444N,0.125,12.5,9442095,20220809,293T_ACE2_medium,with_amphoB,LyCoV-1404
rep1,BA1_K444N,0.0625,6.25,4874210,20220809,293T_ACE2_medium,with_amphoB,LyCoV-1404
rep1,BA1_K444N,0.03125,3.125,2539038,20220809,293T_ACE2_medium,with_amphoB,LyCoV-1404
rep1,BA1_K444N,0.015625,1.5625,1608583,20220809,293T_ACE2_medium,with_amphoB,LyCoV-1404
rep1,BA1_K444N,0.0078125,0.78125,821425,20220809,293T_ACE2_medium,with_amphoB,LyCoV-1404
rep1,BA1_K444N,0.00390625,0.390625,427794,20220809,293T_ACE2_medium,with_amphoB,LyCoV-1404
rep2,BA1_K444N,0.125,12.5,9412684,20220809,293T_ACE2_medium,with_amphoB,LyCoV-1404
rep2,BA1_K444N,0.0625,6.25,4752617,20220809,293T_ACE2_medium,with_amphoB,LyCoV-1404
rep2,BA1_K444N,0.03125,3.125,2389786,20220809,293T_ACE2_medium,with_amphoB,LyCoV-1404
rep2,BA1_K444N,0.015625,1.5625,1317535,20220809,293T_ACE2_medium,with_amphoB,LyCoV-1404
rep2,BA1_K444N,0.0078125,0.78125,782771,20220809,293T_ACE2_medium,with_amphoB,LyCoV-1404
rep2,BA1_K444N,0.00390625,0.390625,446454,20220809,293T_ACE2_medium,with_amphoB,LyCoV-1404
rep1,BA1_P499H,0.25,25,6788519,20220809,293T_ACE2_medium,with_amphoB,LyCoV-1404
rep1,BA1_P499H,0.125,12.5,2792494,20220809,293T_ACE2_medium,with_amphoB,LyCoV-1404
rep1,BA1_P499H,0.0625,6.25,1272651,20220809,293T_ACE2_medium,with_amphoB,LyCoV-1404
rep1,BA1_P499H,0.03125,3.125,579762,20220809,293T_ACE2_medium,with_amphoB,LyCoV-1404
rep1,BA1_P499H,0.015625,1.5625,383878,20220809,293T_ACE2_medium,with_amphoB,LyCoV-1404
rep1,BA1_P499H,0.0078125,0.78125,195674,20220809,293T_ACE2_medium,with_amphoB,LyCoV-1404
rep1,BA1_P499H,0.00390625,0.390625,122978,20220809,293T_ACE2_medium,with_amphoB,LyCoV-1404
rep2,BA1_P499H,0.25,25,6337352,20220809,293T_ACE2_medium,with_amphoB,LyCoV-1404
rep2,BA1_P499H,0.125,12.5,2994597,20220809,293T_ACE2_medium,with_amphoB,LyCoV-1404
rep2,BA1_P499H,0.0625,6.25,1302588,20220809,293T_ACE2_medium,with_amphoB,LyCoV-1404
rep2,BA1_P499H,0.03125,3.125,548590,20220809,293T_ACE2_medium,with_amphoB,LyCoV-1404
rep2,BA1_P499H,0.015625,1.5625,350008,20220809,293T_ACE2_medium,with_amphoB,LyCoV-1404
rep2,BA1_P499H,0.0078125,0.78125,188950,20220809,293T_ACE2_medium,with_amphoB,LyCoV-1404
rep2,BA1_P499H,0.00390625,0.390625,117143,20220809,293T_ACE2_medium,with_amphoB,LyCoV-1404
rep1,BA1_G447D_syn,0.125,12.5,7684741,20220809,293T_ACE2_medium,with_amphoB,LyCoV-1404
rep1,BA1_G447D_syn,0.0625,6.25,3859882,20220809,293T_ACE2_medium,with_amphoB,LyCoV-1404
rep1,BA1_G447D_syn,0.03125,3.125,1671740,20220809,293T_ACE2_medium,with_amphoB,LyCoV-1404
rep1,BA1_G447D_syn,0.015625,1.5625,1106056,20220809,293T_ACE2_medium,with_amphoB,LyCoV-1404
rep1,BA1_G447D_syn,0.0078125,0.78125,575526,20220809,293T_ACE2_medium,with_amphoB,LyCoV-1404
rep1,BA1_G447D_syn,0.00390625,0.390625,357964,20220809,293T_ACE2_medium,with_amphoB,LyCoV-1404
rep2,BA1_G447D_syn,0.125,12.5,8723145,20220809,293T_ACE2_medium,with_amphoB,LyCoV-1404
rep2,BA1_G447D_syn,0.0625,6.25,4077586,20220809,293T_ACE2_medium,with_amphoB,LyCoV-1404
rep2,BA1_G447D_syn,0.03125,3.125,2083508,20220809,293T_ACE2_medium,with_amphoB,LyCoV-1404
rep2,BA1_G447D_syn,0.015625,1.5625,1314711,20220809,293T_ACE2_medium,with_amphoB,LyCoV-1404
rep2,BA1_G447D_syn,0.0078125,0.78125,629505,20220809,293T_ACE2_medium,with_amphoB,LyCoV-1404
rep2,BA1_G447D_syn,0.00390625,0.390625,418465,20220809,293T_ACE2_medium,with_amphoB,LyCoV-1404
rep1,BA1_N439Y,0.125,12.5,5512049,20220809,293T_ACE2_medium,with_amphoB,LyCoV-1404
rep1,BA1_N439Y,0.0625,6.25,2926501,20220809,293T_ACE2_medium,with_amphoB,LyCoV-1404
rep1,BA1_N439Y,0.03125,3.125,1457972,20220809,293T_ACE2_medium,with_amphoB,LyCoV-1404
rep1,BA1_N439Y,0.015625,1.5625,726381,20220809,293T_ACE2_medium,with_amphoB,LyCoV-1404
rep1,BA1_N439Y,0.0078125,0.78125,347220,20220809,293T_ACE2_medium,with_amphoB,LyCoV-1404
rep1,BA1_N439Y,0.00390625,0.390625,228945,20220809,293T_ACE2_medium,with_amphoB,LyCoV-1404
rep2,BA1_N439Y,0.125,12.5,5801279,20220809,293T_ACE2_medium,with_amphoB,LyCoV-1404
rep2,BA1_N439Y,0.0625,6.25,2985310,20220809,293T_ACE2_medium,with_amphoB,LyCoV-1404
rep2,BA1_N439Y,0.03125,3.125,1643546,20220809,293T_ACE2_medium,with_amphoB,LyCoV-1404
rep2,BA1_N439Y,0.015625,1.5625,799185,20220809,293T_ACE2_medium,with_amphoB,LyCoV-1404
rep2,BA1_N439Y,0.0078125,0.78125,358571,20220809,293T_ACE2_medium,with_amphoB,LyCoV-1404
rep2,BA1_N439Y,0.00390625,0.390625,212270,20220809,293T_ACE2_medium,with_amphoB,LyCoV-1404
rep1,BA1_S446T,0.0625,6.25,6432970,20220809,293T_ACE2_medium,with_amphoB,LyCoV-1404
rep1,BA1_S446T,0.03125,3.125,3329324,20220809,293T_ACE2_medium,with_amphoB,LyCoV-1404
rep1,BA1_S446T,0.015625,1.5625,1697793,20220809,293T_ACE2_medium,with_amphoB,LyCoV-1404
rep1,BA1_S446T,0.0078125,0.78125,900694,20220809,293T_ACE2_medium,with_amphoB,LyCoV-1404
rep1,BA1_S446T,0.00390625,0.390625,496694,20220809,293T_ACE2_medium,with_amphoB,LyCoV-1404
rep2,BA1_S446T,0.0625,6.25,5564618,20220809,293T_ACE2_medium,with_amphoB,LyCoV-1404
rep2,BA1_S446T,0.03125,3.125,3186722,20220809,293T_ACE2_medium,with_amphoB,LyCoV-1404
rep2,BA1_S446T,0.015625,1.5625,1551806,20220809,293T_ACE2_medium,with_amphoB,LyCoV-1404
rep2,BA1_S446T,0.0078125,0.78125,828186,20220809,293T_ACE2_medium,with_amphoB,LyCoV-1404
rep2,BA1_S446T,0.00390625,0.390625,463834,20220809,293T_ACE2_medium,with_amphoB,LyCoV-1404
rep1,BA1_F486L,0.0625,6.25,6238851,20220809,293T_ACE2_medium,with_amphoB,LyCoV-1404
rep1,BA1_F486L,0.03125,3.125,3737846,20220809,293T_ACE2_medium,with_amphoB,LyCoV-1404
rep1,BA1_F486L,0.015625,1.5625,1954479,20220809,293T_ACE2_medium,with_amphoB,LyCoV-1404
rep1,BA1_F486L,0.0078125,0.78125,923114,20220809,293T_ACE2_medium,with_amphoB,LyCoV-1404
rep1,BA1_F486L,0.00390625,0.390625,542807,20220809,293T_ACE2_medium,with_amphoB,LyCoV-1404
rep2,BA1_F486L,0.0625,6.25,6613274,20220809,293T_ACE2_medium,with_amphoB,LyCoV-1404
rep2,BA1_F486L,0.03125,3.125,3568361,20220809,293T_ACE2_medium,with_amphoB,LyCoV-1404
rep2,BA1_F486L,0.015625,1.5625,1730254,20220809,293T_ACE2_medium,with_amphoB,LyCoV-1404
rep2,BA1_F486L,0.0078125,0.78125,935588,20220809,293T_ACE2_medium,with_amphoB,LyCoV-1404
rep2,BA1_F486L,0.00390625,0.390625,495085,20220809,293T_ACE2_medium,with_amphoB,LyCoV-1404