virus,date,antibody,RLUperuL,target_RLU,uL_virus_per_well,dilution_factor,uL_per_8mL,media_for_8ml
BA1_A846N,20220729,CC67.105,53504.048,500000.0,50,5.350404800000001,1495.2139696046922,6504.7860303953075
BA1_D1041N,20220729,CC67.105,46440.62,500000.0,50,4.644062,1722.6298873701514,6277.370112629848
BA1_D1146N,20220729,CC67.105,1306077.3866666667,500000.0,50,130.60773866666665,61.25211324895052,7938.74788675105
BA1_D1153Y,20220729,CC67.105,1475215.5229090909,500000.0,50,147.52155229090909,54.22936429128799,7945.770635708712
BA1_D1163R,20220729,CC67.105,1292205.888,500000.0,50,129.2205888,61.90963896923522,7938.090361030765
BA1_F1156L,20220729,CC67.105,1605302.8864,500000.0,50,160.53028863999998,49.83483221624637,7950.1651677837535
BA1_F486L,20220809,LyCoV-1404,1178869.744,500000.0,50,117.8869744,67.86161101102957,7932.13838898897
BA1_G103F,20220808,NTD5-7,46093.53,500000.0,50,4.6093530000000005,1735.6015041590433,6264.3984958409565
BA1_G447D,20220809,LyCoV-1404,486764.35333333333,500000.0,50,48.67643533333334,164.35057220637614,7835.6494277936235
BA1_G447D_syn,20220809,LyCoV-1404,738641.16,500000.0,50,73.864116,108.30698901209351,7891.693010987907
BA1_K444N,20220809,LyCoV-1404,899171.6333333333,500000.0,50,89.91716333333332,88.97077825223506,7911.0292217477645
BA1_L176K,20220808,NTD5-7,225402.15,500000.0,50,22.540215,354.92119307646357,7645.078806923537
BA1_N439Y,20220809,LyCoV-1404,487727.24,500000.0,50,48.772724000000004,164.0261060669894,7835.973893933011
BA1_P499H,20220809,LyCoV-1404,238416.32285714286,500000.0,50,23.841632285714287,335.54749541177745,7664.452504588223
BA1_S172N,20220808,NTD5-7,68527.99,500000.0,50,6.852799000000001,1167.4061941697107,6832.593805830289
BA1_S446T,20220809,LyCoV-1404,1075641.024,500000.0,50,107.56410240000001,74.3742551790215,7925.625744820978
BA1_T716G,20220729,CC67.105,17178.054,500000.0,50,1.7178054000000003,4657.104931676195,3342.8950683238054
BA1_WT,20220729,CC67.105,1426120.1173333332,500000.0,50,142.61201173333333,56.09625656889969,7943.9037434311
BA1_WT,20220808,NTD5-7,187775.816,500000.0,50,18.777581599999998,426.0399539416727,7573.960046058327
BA1_WT,20220809,LyCoV-1404,621745.3733333334,500000.0,50,62.17453733333335,128.670036692191,7871.329963307809
